Index,Titles
1,Parasite (Gisaengchung) 
2,Avengers: Endgame 
3,Knives Out 
4,Us 
5,Toy Story 4 
6,The Irishman 
7,Little Women 
8,Booksmart 
9,The Farewell 
10,A Beautiful Day in the Neighborhood 
11,Marriage Story 
12,If Beale Street Could Talk 
13,Once Upon a Time In Hollywood 
14,Spider-Man: Far From Home 
15,Pain and Glory (Dolor y gloria) 
16,Shazam! 
17,Ford v Ferrari 
18,Dolemite Is My Name 
19,Apollo 11 
20,The Lighthouse 
21,Rocketman 
22,Uncut Gems 
23,Amazing Grace 
24,They Shall Not Grow Old 
25,Ash Is Purest White 
26,Honeyland 
27,John Wick: Chapter 3 - Parabellum 
28,Honey Boy 
29,One Cut of the Dead (Kamera o tomeru na!) 
30,Fighting with My Family 
31,The Peanut Butter Falcon 
32,Knock Down the House 
33,Captain Marvel 
34,Birds of Passage (Pájaros de verano) 
35,Maiden 
36,Hustlers 
37,One Child Nation 
38,For Sama 
39,3 Faces 
40,Chained for Life 
41,First Love (Hatsukoi) 
42,Woman at War (Kona fer í stríð) 
43,How to Train Your Dragon: The Hidden World 
44,White Riot 
45,Transit 
46,The Chambermaid (La camarista) 
47,Tigers Are Not Afraid (Vuelven) 
48,Midnight Traveler 
49,Stan & Ollie 
50,Ready or Not 
51,Atlantics 
52,Mickey and the Bear 
53,Deadwood: The Movie 
54,Varda by Agnès 
55,"Scream, Queen! My Nightmare on Elm Street "
56,Hail Satan? 
57,Changing the Game 
58,The Heiresses (Las Herederas) 
59,Toni Morrison: The Pieces I Am 
60,The Last Black Man in San Francisco 
61,Midsommar 
62,The Mustang 
63,Wild Rose 
64,Blinded by the Light 
65,Bad Education 
66,Ad Astra 
67,63 Up 
68,Homecoming: A Film by Beyoncé 
69,Too Late to Die Young (Tarde para morir joven) 
70,Gloria Bell 
71,By the Grace of God (Grâce à Dieu) 
72,Midnight Family 
73,Buñuel in the Labyrinth of the Turtles (Buñuel en el laberinto de las tortugas) 
74,Fiddler: A Miracle of Miracles 
75,American Factory 
76,Dirty God 
77,Making Waves: The Art of Cinematic Sound 
78,I'm No Longer Here (Ya no estoy aquí) 
79,Working Woman 
80,The Cave 
81,The Kingmaker 
82,I Lost My Body 
83,Harpoon 
84,"Love, Antosha "
85,Little Woods 
86,Jojo Rabbit 
87,Dark Waters 
88,The Amusement Park 
89,The Two Popes 
90,Mike Wallace Is Here 
91,Ray & Liz 
92,Be Natural: The Untold Story of Alice Guy-Blaché 
93,Monos 
94,Shadow 
95,Rojo 
96,In Fabric 
97,An Elephant Sitting Still (Da xiang xi di er zuo) 
98,It Must Be Heaven 
99,The Mortuary Collection 
100,Clemency 
